<Ui xmlns="http://www.blizzard.com/wow/ui/" xmlns:xsi="http://www.w3.org/2001/XMLSchema-instance" xsi:schemaLocation="http://www.blizzard.com/wow/ui/">

	<Script file="magealert.lua"/>

	<Frame name="Flash_Red" toplevel="true" hidden="true" parent="UIParent">
		<Size>
			<AbsDimension x="2000" y="2000"/>
		</Size>
		<Anchors>
			<Anchor point="CENTER"/>
		</Anchors>
		<Layers>
			<Layer level="BACKGROUND">
				<Texture name="$parentBackground" setAllPoints="true">
					<Color r="1" g="0" b="0" a="0.4"/>
				</Texture>
			</Layer>
		</Layers>
	</Frame>

	<Frame name="Flash_Blue" toplevel="true" hidden="true" parent="UIParent">
		<Size>
			<AbsDimension x="2000" y="2000"/>
		</Size>
		<Anchors>
			<Anchor point="CENTER"/>
		</Anchors>
		<Layers>
			<Layer level="BACKGROUND">
				<Texture name="$parentBackground" setAllPoints="true">
					<Color r="0" g="0" b="1" a="0.4"/>
				</Texture>
			</Layer>
		</Layers>
	</Frame>

	<Frame name="Flash_Orange" toplevel="true" hidden="true" parent="UIParent">
		<Size>
			<AbsDimension x="2000" y="2000"/>
		</Size>
		<Anchors>
			<Anchor point="CENTER"/>
		</Anchors>
		<Layers>
			<Layer level="BACKGROUND">
				<Texture name="$parentBackground" setAllPoints="true">
					<Color r="1" g="1" b="0" a="0.4"/>
				</Texture>
			</Layer>
		</Layers>
	</Frame>

<Frame name="Flash_Purple" toplevel="true" hidden="true" parent="UIParent">
		<Size>
			<AbsDimension x="2000" y="2000"/>
		</Size>
		<Anchors>
			<Anchor point="CENTER"/>
		</Anchors>
		<Layers>
			<Layer level="BACKGROUND">
				<Texture name="$parentBackground" setAllPoints="true">
					<Color r="1" g="" b="1" a="0.4"/>
				</Texture>
			</Layer>
		</Layers>
	</Frame>

	<Frame name="Main" toplevel="true" hidden="false" parent="UIParent">
		<Size>
			<AbsDimension x="1" y="1"/>
		</Size>
		<Anchors>
			<Anchor point="CENTER"/>
		</Anchors>
		<Layers>
			<Layer level="BACKGROUND">
				<Texture name="$parentBackground" setAllPoints="true">
					<Color r="0" g="0" b="0" a="0"/>
				</Texture>
			</Layer>
		</Layers>
		<Scripts>
			<OnLoad>
				self.TimeSinceLastUpdate = 0
				Buah_Start()
			</OnLoad>
			<OnUpdate>
				Checker(self, elapsed)
			</OnUpdate>
			<OnEvent>
				MageAlert_OnEvent(self, event, ...)			
			</OnEvent>
		</Scripts>
	</Frame>

</Ui>